{"0": [[-0.08526655108802476, 1.057338157967127], [0.053116867890900636, 0.9587302790672132]], "1": [[-0.044753245862730474, 0.642078739199201], [0.02787907119317641, 1.1679490620740025]], "2": [[0.10342362630270571, 0.9565273107089884], [-0.06442783277873461, 1.02086781226304]], "3": [0.31871345029239767, 0.8524590163934426], "4": [0.347953216374269, 0.6775956284153005], "5": [0.2543859649122807, 0.1766848816029144], "6": [0.39766081871345027, 0.14571948998178508], "chance_one": 0.3838383838383838, "chance_zero": 0.6161616161616161}